model_name,dataset_name,batch_size,lr,best-epoch,best-step,best-dev,jsick,jsts-val,jsts-train,avg,count
bert-base-multilingual-cased,jsnli+nu-snli,64.0,1e-05,0.0,1365.3333333333333,82.70918455918776,81.60467414580364,76.5373357343966,72.60391784825892,76.91530924281972,3
bert-base-multilingual-cased,jsnli+nu-snli,64.0,3e-05,0.0,768.0,82.38510847790587,81.19178070960008,76.17905733694514,72.16672838623307,76.51252214425944,3
bert-base-multilingual-cased,jsnli+nu-snli,64.0,5e-05,0.0,597.3333333333334,82.04370945049477,80.89506279946306,75.85230103079338,72.29136604466801,76.34624329164149,3
bert-base-multilingual-cased,jsnli+nu-snli,128.0,1e-05,0.0,938.6666666666666,83.02720923765851,81.82417575436385,76.22705220681792,72.49147527048865,76.84756774389014,3
bert-base-multilingual-cased,jsnli+nu-snli,128.0,3e-05,0.0,512.0,83.04326964890532,81.66367022417474,76.01676024628337,72.47310227858611,76.7178442496814,3
bert-base-multilingual-cased,jsnli+nu-snli,128.0,5e-05,0.0,426.6666666666667,82.76273043847839,81.64729045674797,76.32153341978456,72.39483871917166,76.78788753190139,3
bert-base-multilingual-cased,jsnli+nu-snli,256.0,1e-05,0.0,704.0,83.23814333612263,82.07618356870233,76.67361044320197,72.92023104460971,77.22334168550468,3
bert-base-multilingual-cased,jsnli+nu-snli,256.0,3e-05,0.0,384.0,83.192620674939,81.98107759926336,76.2569104848646,72.4164468685815,76.88481165090316,3
bert-base-multilingual-cased,jsnli+nu-snli,256.0,5e-05,0.0,277.3333333333333,83.04389553443202,81.74691728409731,76.41156268309517,72.61047789110405,76.9229859527655,3
bert-base-multilingual-cased,jsnli+nu-snli,512.0,1e-05,0.0,522.6666666666666,83.36462470753348,82.17285582751964,76.6776643232575,73.0717406151024,77.3074202552932,3
bert-base-multilingual-cased,jsnli+nu-snli,512.0,3e-05,0.0,234.66666666666666,83.21150991104322,81.99029193130893,76.7539833883633,73.12696049306591,77.29041193757938,3
bert-base-multilingual-cased,jsnli+nu-snli,512.0,5e-05,0.0,181.33333333333334,83.06764454810569,81.79374904497426,76.31909876083654,72.7065979590871,76.93981525496596,3
cl-tohoku/bert-base-japanese,jsnli+nu-snli,64.0,1e-05,0.0,853.3333333333334,81.60210881946473,80.88326388146903,76.7308615799139,74.41038522859031,77.34150356332441,3
cl-tohoku/bert-base-japanese,jsnli+nu-snli,64.0,3e-05,0.0,512.0,81.3404221828389,80.56660295943603,76.80282478360904,74.45028863914591,77.27323879406366,3
cl-tohoku/bert-base-japanese,jsnli+nu-snli,64.0,5e-05,0.0,512.0,81.06425220512126,80.2373244892028,77.24405487711202,74.64759312346925,77.37632416326136,3
cl-tohoku/bert-base-japanese,jsnli+nu-snli,128.0,1e-05,0.0,512.0,81.9068739019567,81.2464497289901,77.24559252447071,74.59425777160767,77.69543334168951,3
cl-tohoku/bert-base-japanese,jsnli+nu-snli,128.0,3e-05,0.0,341.3333333333333,82.15967777994756,81.46180597001381,77.09062746135697,74.48433356331044,77.67892233156041,3
cl-tohoku/bert-base-japanese,jsnli+nu-snli,128.0,5e-05,0.0,256.0,81.43596245981392,80.77396563881958,77.24307166825794,74.62316438479557,77.54673389729103,3
cl-tohoku/bert-base-japanese,jsnli+nu-snli,256.0,1e-05,0.0,362.6666666666667,82.37823589803885,81.65964780588358,77.21581795528259,74.66488319240251,77.8467829845229,3
cl-tohoku/bert-base-japanese,jsnli+nu-snli,256.0,3e-05,0.0,192.0,82.0097052685447,81.33611608939854,76.93052818259336,74.30016306528422,77.52226911242538,3
cl-tohoku/bert-base-japanese,jsnli+nu-snli,256.0,5e-05,0.0,149.33333333333334,82.1949165680167,81.6446182606329,76.79403916702627,74.04749238326,77.49538327030639,3
cl-tohoku/bert-base-japanese,jsnli+nu-snli,512.0,1e-05,0.0,224.0,82.17663997560975,81.37840420479954,77.34803399247009,74.63600664716755,77.78748161481239,3
cl-tohoku/bert-base-japanese,jsnli+nu-snli,512.0,3e-05,0.0,117.33333333333333,82.22086374270397,81.39750866724147,76.78200277799762,74.19337844641473,77.4576299638846,3
cl-tohoku/bert-base-japanese,jsnli+nu-snli,512.0,5e-05,0.0,96.0,82.13205675828878,81.28465265037367,77.10831853976043,74.4023409098358,77.59843736665664,3
cl-tohoku/bert-base-japanese-char,jsnli+nu-snli,64.0,1e-05,0.0,1280.0,82.0309078172544,80.62332968555991,76.68153700353703,73.66220257608389,76.98902308839361,3
cl-tohoku/bert-base-japanese-char,jsnli+nu-snli,64.0,3e-05,0.0,768.0,81.86512687331536,80.51957856100596,76.91978508412537,73.9110277134525,77.11679711952793,3
cl-tohoku/bert-base-japanese-char,jsnli+nu-snli,64.0,5e-05,0.0,512.0,82.04323491250233,80.49428213449802,76.384105826256,73.05730845373142,76.64523213816182,3
cl-tohoku/bert-base-japanese-char,jsnli+nu-snli,128.0,1e-05,0.0,810.6666666666666,82.21711263615812,80.69572496028029,76.91877399845724,73.75944897703896,77.1246493119255,3
cl-tohoku/bert-base-japanese-char,jsnli+nu-snli,128.0,3e-05,0.0,469.3333333333333,81.99224859807693,80.55692028921344,76.51040669388641,73.24637629151782,76.77123442487255,3
cl-tohoku/bert-base-japanese-char,jsnli+nu-snli,128.0,5e-05,0.0,384.0,81.8862249498248,80.38638835326644,76.56146148229959,73.49432731384428,76.81405904980345,3
cl-tohoku/bert-base-japanese-char,jsnli+nu-snli,256.0,1e-05,0.0,533.3333333333334,82.5004422996178,81.0453816241929,77.14372646473385,73.92020447918131,77.36977085603603,3
cl-tohoku/bert-base-japanese-char,jsnli+nu-snli,256.0,3e-05,0.0,298.6666666666667,82.07774554638321,80.65210594329169,76.72712692765359,73.5586992586611,76.97931070986878,3
cl-tohoku/bert-base-japanese-char,jsnli+nu-snli,256.0,5e-05,0.0,256.0,82.15364322601421,80.75226112741689,76.81367701926739,73.92654853722347,77.16416222796924,3
cl-tohoku/bert-base-japanese-char,jsnli+nu-snli,512.0,1e-05,0.0,405.3333333333333,82.167497643081,80.84085466838502,77.11721244959729,73.98834847100001,77.31547186299412,3
cl-tohoku/bert-base-japanese-char,jsnli+nu-snli,512.0,3e-05,0.0,202.66666666666666,82.23011598260724,80.95075693125108,77.22769381452981,74.06031266555841,77.41292113711312,3
cl-tohoku/bert-base-japanese-char,jsnli+nu-snli,512.0,5e-05,0.0,160.0,82.30904439031723,80.85368736447235,76.97762639173118,73.69197336509974,77.17442904043442,3
cl-tohoku/bert-base-japanese-char-v2,jsnli+nu-snli,64.0,1e-05,0.0,853.3333333333334,83.10005993546527,81.93284437447299,77.6694007980821,74.50213580214991,78.034793658235,3
cl-tohoku/bert-base-japanese-char-v2,jsnli+nu-snli,64.0,3e-05,0.0,597.3333333333334,82.93480754161317,81.66461434158772,77.85517412527547,74.50658817494156,78.00879221393491,3
cl-tohoku/bert-base-japanese-char-v2,jsnli+nu-snli,64.0,5e-05,0.0,426.6666666666667,83.01446427959512,81.69340457132887,77.41431521071037,74.18121752531972,77.762979102453,3
cl-tohoku/bert-base-japanese-char-v2,jsnli+nu-snli,128.0,1e-05,0.0,640.0,83.18811660524648,81.85289845633571,77.75933522554665,74.4695010439334,78.02724490860525,3
cl-tohoku/bert-base-japanese-char-v2,jsnli+nu-snli,128.0,3e-05,0.0,384.0,82.96899346250638,81.70724758557145,77.69037755919501,74.39124263070254,77.92962259182299,3
cl-tohoku/bert-base-japanese-char-v2,jsnli+nu-snli,128.0,5e-05,0.0,341.3333333333333,83.13019176776639,81.8318263705646,77.29428772778095,74.51317481182961,77.8797629700584,3
cl-tohoku/bert-base-japanese-char-v2,jsnli+nu-snli,256.0,1e-05,0.0,448.0,83.43547301937866,82.00890199300741,78.17864400811874,74.75469367402087,78.31407989171568,3
cl-tohoku/bert-base-japanese-char-v2,jsnli+nu-snli,256.0,3e-05,0.0,277.3333333333333,83.33445533359348,81.76097038644475,77.781475178441,74.41681579407184,77.98642045298585,3
cl-tohoku/bert-base-japanese-char-v2,jsnli+nu-snli,256.0,5e-05,0.0,149.33333333333334,83.08982049409873,81.73262189358256,77.52612459499777,74.07145249052746,77.77673299303594,3
cl-tohoku/bert-base-japanese-char-v2,jsnli+nu-snli,512.0,1e-05,0.0,330.6666666666667,83.45405006068802,82.01086513765955,78.28225652408766,74.8164381975041,78.3698532864171,3
cl-tohoku/bert-base-japanese-char-v2,jsnli+nu-snli,512.0,3e-05,0.0,202.66666666666666,83.43843905758028,81.99935226355694,77.91838834063968,74.51176949295233,78.143170032383,3
cl-tohoku/bert-base-japanese-char-v2,jsnli+nu-snli,512.0,5e-05,0.0,160.0,83.14465479947086,81.65915518771276,78.00488275850587,74.62558252688903,78.09654015770255,3
cl-tohoku/bert-base-japanese-v2,jsnli+nu-snli,64.0,1e-05,0.0,853.3333333333334,83.3693272799362,82.50873830139453,79.57124216368935,76.04518830563784,79.37505625690723,3
cl-tohoku/bert-base-japanese-v2,jsnli+nu-snli,64.0,3e-05,0.0,512.0,83.32010308542218,82.50180564479595,79.59140830096847,76.13088852114886,79.40803415563776,3
cl-tohoku/bert-base-japanese-v2,jsnli+nu-snli,64.0,5e-05,0.0,426.6666666666667,82.94921230512823,82.01887305693691,79.41344585608591,76.17165087655643,79.20132326319307,3
cl-tohoku/bert-base-japanese-v2,jsnli+nu-snli,128.0,1e-05,0.0,512.0,83.56691642369829,82.73452885934843,79.49311120714167,75.83287779873133,79.3535059550738,3
cl-tohoku/bert-base-japanese-v2,jsnli+nu-snli,128.0,3e-05,0.0,384.0,83.36227095545134,82.53801790933856,79.39047021112549,75.89687564689041,79.27512125578481,3
cl-tohoku/bert-base-japanese-v2,jsnli+nu-snli,128.0,5e-05,0.0,298.6666666666667,83.38865331648722,82.54407618685929,79.07264208246463,75.72982551065482,79.11551459332624,3
cl-tohoku/bert-base-japanese-v2,jsnli+nu-snli,256.0,1e-05,0.0,384.0,83.67500071282306,82.80051000512772,79.56196885558448,75.93471163651539,79.4323968324092,3
cl-tohoku/bert-base-japanese-v2,jsnli+nu-snli,256.0,3e-05,0.0,213.33333333333334,83.62679190149031,82.67665715945674,79.32483520518288,75.63631676078118,79.21260304180693,3
cl-tohoku/bert-base-japanese-v2,jsnli+nu-snli,256.0,5e-05,0.0,192.0,83.52990961214395,82.51833793522279,79.38081746709527,75.91204213726205,79.27039917986004,3
cl-tohoku/bert-base-japanese-v2,jsnli+nu-snli,512.0,1e-05,0.0,330.6666666666667,83.98247937980334,83.04208333984423,79.63737129974328,76.10682911004444,79.59542791654398,3
cl-tohoku/bert-base-japanese-v2,jsnli+nu-snli,512.0,3e-05,0.0,149.33333333333334,83.9002405881157,82.9054030291787,79.26254222522392,75.59758581661406,79.25517702367223,3
cl-tohoku/bert-base-japanese-v2,jsnli+nu-snli,512.0,5e-05,0.0,128.0,83.89247672858392,82.8655306886457,79.09205455024299,75.6201886077992,79.19259128222929,3
cl-tohoku/bert-base-japanese-whole-word-masking,jsnli+nu-snli,64.0,1e-05,0.0,512.0,79.93004040275186,79.29427755305998,76.79841209229426,74.13069969338788,76.7411297795807,3
cl-tohoku/bert-base-japanese-whole-word-masking,jsnli+nu-snli,64.0,3e-05,0.0,341.3333333333333,79.73413539928694,79.11860343870619,76.89077320274446,74.22681642607652,76.74539768917572,3
cl-tohoku/bert-base-japanese-whole-word-masking,jsnli+nu-snli,64.0,5e-05,0.0,256.0,80.50422522986956,79.97201324682744,77.38210559901347,74.58415790952698,77.31275891845597,3
cl-tohoku/bert-base-japanese-whole-word-masking,jsnli+nu-snli,128.0,1e-05,0.0,426.6666666666667,80.69474191338685,80.138266611384,77.84221515800677,75.04348119174988,77.67465432038021,3
cl-tohoku/bert-base-japanese-whole-word-masking,jsnli+nu-snli,128.0,3e-05,0.0,256.0,80.67286641242771,80.12271256202511,77.81903250602205,75.19790726781082,77.71321744528599,3
cl-tohoku/bert-base-japanese-whole-word-masking,jsnli+nu-snli,128.0,5e-05,0.0,469.3333333333333,80.48500546139392,79.84442826464881,76.97350162358218,74.69955887990177,77.17249625604425,3
cl-tohoku/bert-base-japanese-whole-word-masking,jsnli+nu-snli,256.0,1e-05,0.0,256.0,81.09689363179317,80.45700931434637,77.75816865095219,74.9096766302818,77.70828486519345,3
cl-tohoku/bert-base-japanese-whole-word-masking,jsnli+nu-snli,256.0,3e-05,0.0,149.33333333333334,81.0456247053939,80.37993936060973,77.68856264896678,74.794012914153,77.62083830790984,3
cl-tohoku/bert-base-japanese-whole-word-masking,jsnli+nu-snli,256.0,5e-05,0.0,128.0,81.21582272163346,80.64831543865574,77.70047380386762,74.82542146363289,77.72473690205209,3
cl-tohoku/bert-base-japanese-whole-word-masking,jsnli+nu-snli,512.0,1e-05,0.0,170.66666666666666,81.62731647678993,80.95327169987895,77.96588113739934,74.88704545524769,77.93539943084198,3
cl-tohoku/bert-base-japanese-whole-word-masking,jsnli+nu-snli,512.0,3e-05,0.0,96.0,81.31557961863574,80.63597595282558,77.47073063113272,74.50911379173566,77.53860679189798,3
cl-tohoku/bert-base-japanese-whole-word-masking,jsnli+nu-snli,512.0,5e-05,0.0,85.33333333333333,81.83676993031041,81.05505783299863,77.67571322072394,74.69618747172811,77.80898617515022,3
cl-tohoku/bert-large-japanese,jsnli+nu-snli,64.0,1e-05,0.0,512.0,82.18660025739337,81.34716023368459,79.05889469624361,76.36899595115261,78.92501696036027,3
cl-tohoku/bert-large-japanese,jsnli+nu-snli,64.0,3e-05,0.0,256.0,82.11048050553983,81.34686569227883,78.80453420176714,75.98342592392315,78.7116086059897,3
cl-tohoku/bert-large-japanese,jsnli+nu-snli,64.0,5e-05,0.0,256.0,81.95122732989147,81.18707474556409,79.12101945836211,76.45540521551429,78.92116647314683,3
cl-tohoku/bert-large-japanese,jsnli+nu-snli,128.0,1e-05,0.0,384.0,82.95470978368492,82.02985656610237,79.3228075850825,76.39865632419664,79.25044015846049,3
cl-tohoku/bert-large-japanese,jsnli+nu-snli,128.0,3e-05,0.0,256.0,82.73180288180794,81.85110197215202,79.55496439721098,76.69803597362458,79.36803411432919,3
cl-tohoku/bert-large-japanese,jsnli+nu-snli,128.0,5e-05,0.0,128.0,82.21815227387928,81.3819089812855,78.99492799536308,76.23290491702063,78.86991396455642,3
cl-tohoku/bert-large-japanese,jsnli+nu-snli,256.0,1e-05,0.0,277.3333333333333,82.88481149637057,81.96088589860445,79.38210434496806,76.5144399783441,79.2858100739722,3
cl-tohoku/bert-large-japanese,jsnli+nu-snli,256.0,3e-05,0.0,149.33333333333334,82.97352671525702,82.01651739710316,79.35851361929053,76.37760941126585,79.25088014255319,3
cl-tohoku/bert-large-japanese,jsnli+nu-snli,256.0,5e-05,0.0,128.0,82.7462478747173,81.71842780812575,79.31259625316515,76.13580757528686,79.05561054552594,3
cl-tohoku/bert-large-japanese,jsnli+nu-snli,512.0,1e-05,0.0,160.0,83.36808109150736,82.36966447205259,79.19762078220884,76.09955019838573,79.22227848421572,3
cl-tohoku/bert-large-japanese,jsnli+nu-snli,512.0,3e-05,0.0,106.66666666666667,83.02065369584996,82.074924488469,79.04277205253918,76.16816035822364,79.09528563307727,3
cl-tohoku/bert-large-japanese,jsnli+nu-snli,512.0,5e-05,0.0,85.33333333333333,83.0868503713237,82.09812991907258,79.06460372637957,76.13140334381164,79.09804566308793,3
ku-nlp/deberta-v2-base-japanese,jsnli+nu-snli,64.0,1e-05,0.0,1706.6666666666667,82.08194630483176,80.94577246887444,77.37860548975681,73.80885366025994,77.37774387296373,3
ku-nlp/deberta-v2-base-japanese,jsnli+nu-snli,64.0,3e-05,0.0,853.3333333333334,82.13905063432794,81.15020675762689,76.90621233946548,73.13400145333581,77.0634735168094,3
ku-nlp/deberta-v2-base-japanese,jsnli+nu-snli,64.0,5e-05,0.0,768.0,82.07722310699933,80.80099333965845,76.95816511795066,73.43629259061882,77.06515034940931,3
ku-nlp/deberta-v2-base-japanese,jsnli+nu-snli,128.0,1e-05,0.0,1109.3333333333333,82.54046521051073,81.2900005904695,77.56614972356793,73.74282658747357,77.53299230050366,3
ku-nlp/deberta-v2-base-japanese,jsnli+nu-snli,128.0,3e-05,0.0,512.0,82.10647718757524,80.89024328749304,76.8639375370238,72.93151399280373,76.89523160577352,3
ku-nlp/deberta-v2-base-japanese,jsnli+nu-snli,128.0,5e-05,0.0,341.3333333333333,81.80363677566446,80.73786819637456,76.72010691399477,72.73195682436115,76.72997731157683,3
ku-nlp/deberta-v2-base-japanese,jsnli+nu-snli,512.0,1e-05,0.3333333333333333,512.0,83.20190072781214,81.81449332985784,77.33144979560846,73.5039717032361,77.54997160956746,3
ku-nlp/deberta-v2-base-japanese,jsnli+nu-snli,512.0,3e-05,0.0,256.0,82.92531815194106,81.50209303383679,77.19339003127068,73.73343593483276,77.47630633331342,3
ku-nlp/deberta-v2-base-japanese,jsnli+nu-snli,512.0,5e-05,0.0,192.0,82.66216628047518,81.17523511167359,77.33006711371296,73.57759875098533,77.36096699212396,3
ku-nlp/deberta-v2-large-japanese,jsnli+nu-snli,64.0,1e-05,0.0,682.6666666666666,77.07354729532257,76.9593566066436,79.8562638534727,76.9856648695581,77.93376177655811,3
ku-nlp/deberta-v2-large-japanese,jsnli+nu-snli,64.0,3e-05,0.0,1109.3333333333333,77.30547129384635,76.82748521792013,79.44275633984593,77.26191529637913,77.84405228471506,3
ku-nlp/deberta-v2-large-japanese,jsnli+nu-snli,64.0,5e-05,0.0,426.6666666666667,76.88875028341421,76.50323210028843,79.53959862804062,76.53073631095707,77.5245223464287,3
ku-nlp/deberta-v2-large-japanese,jsnli+nu-snli,128.0,1e-05,0.0,469.3333333333333,77.51637787595139,77.36183082662342,79.76523468754048,76.83196756026403,77.98634435814265,3
ku-nlp/deberta-v2-large-japanese,jsnli+nu-snli,128.0,3e-05,0.0,426.6666666666667,78.70989931818939,78.16185274452206,79.78292979353455,77.15516913442661,78.3666505574944,3
ku-nlp/deberta-v2-large-japanese,jsnli+nu-snli,128.0,5e-05,0.0,341.3333333333333,78.1256170778651,77.77506839624749,79.57530749695125,77.03509113342615,78.12848900887496,3
ku-nlp/deberta-v2-large-japanese,jsnli+nu-snli,512.0,1e-05,0.0,309.3333333333333,79.12132523735279,78.73433387153146,79.68180933144545,77.08880287640825,78.50164869312839,3
ku-nlp/deberta-v2-large-japanese,jsnli+nu-snli,512.0,3e-05,0.0,202.66666666666666,79.24910032612975,78.77710518035896,79.75701301799914,77.30843062438832,78.61418294091546,3
ku-nlp/deberta-v2-large-japanese,jsnli+nu-snli,512.0,5e-05,0.0,96.0,78.91567438060315,78.70272193388655,79.4962488672196,76.29895712559096,78.1659759755657,3
ku-nlp/roberta-base-japanese-char-wwm,jsnli+nu-snli,64.0,1e-05,0.0,1280.0,81.50841093323612,79.8044371681794,77.61135347689391,74.65711398387022,77.35763487631452,3
ku-nlp/roberta-base-japanese-char-wwm,jsnli+nu-snli,64.0,3e-05,0.0,853.3333333333334,81.75610684685279,79.89844038210668,77.30952161164656,73.80947783577344,77.00581327650889,3
ku-nlp/roberta-base-japanese-char-wwm,jsnli+nu-snli,64.0,5e-05,0.0,512.0,81.80472455025723,79.93600459945297,77.65555842710658,74.06408789706713,77.21855030787556,3
ku-nlp/roberta-base-japanese-char-wwm,jsnli+nu-snli,128.0,1e-05,0.0,682.6666666666666,82.04075935621245,80.35985846975284,77.70557447660849,74.30829417157729,77.45790903931287,3
ku-nlp/roberta-base-japanese-char-wwm,jsnli+nu-snli,128.0,3e-05,0.0,469.3333333333333,82.09572838550501,80.40239382976388,78.15204751065126,74.3150007910841,77.6231473771664,3
ku-nlp/roberta-base-japanese-char-wwm,jsnli+nu-snli,128.0,5e-05,0.0,469.3333333333333,81.65275444809008,79.83152435483962,77.46038158740647,73.99489709715938,77.09560101313515,3
ku-nlp/roberta-base-japanese-char-wwm,jsnli+nu-snli,256.0,1e-05,0.0,469.3333333333333,82.32374503060242,80.46123353995122,77.91428002908695,74.16465185672742,77.51338847525521,3
ku-nlp/roberta-base-japanese-char-wwm,jsnli+nu-snli,256.0,3e-05,0.0,298.6666666666667,82.36633638298498,80.4357957441373,77.41197921136188,74.03784354254661,77.29520616601526,3
ku-nlp/roberta-base-japanese-char-wwm,jsnli+nu-snli,256.0,5e-05,0.0,213.33333333333334,82.33779278329389,80.33207580057729,77.68737306301544,73.99510646950888,77.33818511103387,3
ku-nlp/roberta-base-japanese-char-wwm,jsnli+nu-snli,512.0,1e-05,0.0,416.0,82.86469738305642,80.92483592285521,77.98084142589632,74.581370472718,77.82901594048984,3
ku-nlp/roberta-base-japanese-char-wwm,jsnli+nu-snli,512.0,3e-05,0.0,192.0,82.67433495863507,80.72840399057043,77.399841177152,73.78588413828697,77.3047097686698,3
ku-nlp/roberta-base-japanese-char-wwm,jsnli+nu-snli,512.0,5e-05,0.0,160.0,83.03703929542941,81.15151292869672,78.21094470652957,74.36838804234675,77.91028189252434,3
ku-nlp/roberta-large-japanese-char-wwm,jsnli+nu-snli,64.0,1e-05,0.0,512.0,81.81746879809002,80.42506809400383,80.6320382809162,77.2598307966173,79.43897905717911,3
ku-nlp/roberta-large-japanese-char-wwm,jsnli+nu-snli,64.0,3e-05,0.0,256.0,81.55630658576418,80.33488911166033,80.17258702889522,76.75941591138324,79.08896401731293,3
ku-nlp/roberta-large-japanese-char-wwm,jsnli+nu-snli,64.0,5e-05,0.0,256.0,81.60625296873769,80.24056395527099,80.06211448953253,77.19090241038546,79.16452695172966,3
ku-nlp/roberta-large-japanese-char-wwm,jsnli+nu-snli,128.0,1e-05,0.0,384.0,82.8132102633589,81.19125453905166,80.72229204670352,77.76701595449224,79.89352084674913,3
ku-nlp/roberta-large-japanese-char-wwm,jsnli+nu-snli,128.0,3e-05,0.0,256.0,82.60818120233789,81.0889329427866,80.90468502438044,78.03162954596405,80.00841583771036,3
ku-nlp/roberta-large-japanese-char-wwm,jsnli+nu-snli,128.0,5e-05,0.0,128.0,81.42074912885113,80.14686980283612,80.1814914649751,76.86694899315586,79.06510342032236,3
ku-nlp/roberta-large-japanese-char-wwm,jsnli+nu-snli,256.0,1e-05,0.0,256.0,82.76819002414597,81.15788346503348,80.75748337232884,77.66340070624422,79.85958918120217,3
ku-nlp/roberta-large-japanese-char-wwm,jsnli+nu-snli,256.0,3e-05,0.0,128.0,82.54086017013525,81.00747591161443,80.49843209522565,77.18348475435153,79.5631309203972,3
ku-nlp/roberta-large-japanese-char-wwm,jsnli+nu-snli,256.0,5e-05,0.0,128.0,82.42779164623495,80.88775581402238,80.2033633138167,77.20920443168079,79.43344118650663,3
ku-nlp/roberta-large-japanese-char-wwm,jsnli+nu-snli,512.0,1e-05,0.0,138.66666666666666,82.64621761737736,81.00089590984814,80.70003548676866,77.38974404679577,79.69689181447086,3
ku-nlp/roberta-large-japanese-char-wwm,jsnli+nu-snli,512.0,3e-05,0.0,117.33333333333333,82.48788549497239,80.87202932553679,79.87232024495943,77.14095698956253,79.29510218668625,3
ku-nlp/roberta-large-japanese-char-wwm,jsnli+nu-snli,512.0,5e-05,0.0,74.66666666666667,82.5171726859347,80.86965397108219,80.24058838289072,77.07902204319002,79.39642146572096,3
megagonlabs/roberta-long-japanese,jsnli+nu-snli,64.0,1e-05,0.0,597.3333333333334,81.14950324707115,79.94851515484844,76.00424969915024,71.92058221748225,75.9577823571603,3
megagonlabs/roberta-long-japanese,jsnli+nu-snli,64.0,3e-05,0.0,341.3333333333333,80.84951693762444,79.67221137157281,75.32587388848087,71.07813456406556,75.35873994137309,3
megagonlabs/roberta-long-japanese,jsnli+nu-snli,64.0,5e-05,0.0,256.0,80.80157315894655,79.47560591036223,75.63065604501527,71.32091927186654,75.47572707574801,3
megagonlabs/roberta-long-japanese,jsnli+nu-snli,128.0,1e-05,0.0,384.0,81.17010346373354,79.91178816511834,76.04612456608452,71.81782376912092,75.92524550010792,3
megagonlabs/roberta-long-japanese,jsnli+nu-snli,128.0,3e-05,0.0,469.3333333333333,80.9890297028245,79.64713697707379,75.88950689084622,72.1465600717914,75.89440131323714,3
megagonlabs/roberta-long-japanese,jsnli+nu-snli,128.0,5e-05,0.0,128.0,80.65662083972627,79.58544968263408,75.47714587680402,71.17664303469313,75.41307953137708,3
megagonlabs/roberta-long-japanese,jsnli+nu-snli,256.0,1e-05,0.0,256.0,81.46733679132554,80.2182186018215,76.16390751846568,71.90336167495737,76.09516259841486,3
megagonlabs/roberta-long-japanese,jsnli+nu-snli,256.0,3e-05,0.0,149.33333333333334,81.44291351877537,80.23928340173995,75.9943202077538,71.6923689886656,75.97532419938645,3
megagonlabs/roberta-long-japanese,jsnli+nu-snli,256.0,5e-05,0.0,149.33333333333334,81.16840853098886,79.9959526192987,75.84524368243575,71.73142359462891,75.85753996545445,3
megagonlabs/roberta-long-japanese,jsnli+nu-snli,512.0,1e-05,0.0,192.0,81.61010845451189,80.22860270873808,76.15925204421382,71.99623303933718,76.12802926409636,3
megagonlabs/roberta-long-japanese,jsnli+nu-snli,512.0,3e-05,0.0,96.0,81.66470103451447,80.4620238939803,75.9843994899796,71.59850760406749,76.01497699600914,3
megagonlabs/roberta-long-japanese,jsnli+nu-snli,512.0,5e-05,0.0,74.66666666666667,81.34775865904079,80.0711578146398,75.69364235385179,71.36638186202175,75.71039401017111,3
nlp-waseda/roberta-base-japanese,jsnli+nu-snli,64.0,1e-05,0.0,1365.3333333333333,80.39586511426747,80.0520809379068,79.05337103421385,76.02289060770481,78.37611419327516,3
nlp-waseda/roberta-base-japanese,jsnli+nu-snli,64.0,3e-05,0.0,597.3333333333334,81.77643537043754,81.24059535561183,79.55428356368645,76.48930335995387,79.09472742641738,3
nlp-waseda/roberta-base-japanese,jsnli+nu-snli,64.0,5e-05,0.0,512.0,82.50985400598552,81.6888160667253,79.64013906836776,76.57180863555607,79.30025459021638,3
nlp-waseda/roberta-base-japanese,jsnli+nu-snli,128.0,1e-05,0.0,725.3333333333334,81.87491004374895,81.39363925099667,78.36761479297361,75.08856752460669,78.28327385619231,3
nlp-waseda/roberta-base-japanese,jsnli+nu-snli,128.0,3e-05,0.0,512.0,81.76824110468958,81.17271537281157,79.42350947418042,76.10865866448607,78.90162783715934,3
nlp-waseda/roberta-base-japanese,jsnli+nu-snli,128.0,5e-05,0.0,341.3333333333333,81.2393844504563,80.6389733040942,78.89379234841233,75.46821318114924,78.3336596112186,3
nlp-waseda/roberta-base-japanese,jsnli+nu-snli,256.0,1e-05,0.0,490.6666666666667,81.93348138684284,81.35176719886562,79.3384406899158,75.78406488604207,78.82475759160782,3
nlp-waseda/roberta-base-japanese,jsnli+nu-snli,256.0,3e-05,0.0,320.0,82.04642148195992,81.64481303765767,78.74580483401476,75.59064457244575,78.66042081470606,3
nlp-waseda/roberta-base-japanese,jsnli+nu-snli,256.0,5e-05,0.0,192.0,82.31044769223041,81.66733898138789,79.03405734366815,75.51188832413423,78.73776154973008,3
nlp-waseda/roberta-base-japanese,jsnli+nu-snli,512.0,1e-05,0.0,352.0,82.20090937943905,81.65581860331842,78.9800354887234,75.31645730947294,78.65077046717158,3
nlp-waseda/roberta-base-japanese,jsnli+nu-snli,512.0,3e-05,0.0,181.33333333333334,82.04325097366318,81.53306697645199,79.3159130303651,75.74516046662556,78.86471349114754,3
nlp-waseda/roberta-base-japanese,jsnli+nu-snli,512.0,5e-05,0.0,192.0,81.74152105695217,81.11182646023948,78.79877408417623,75.38480472521873,78.43180175654481,3
nlp-waseda/roberta-large-japanese,jsnli+nu-snli,64.0,1e-05,0.0,682.6666666666666,84.48239551697746,83.22378733496868,82.33612833497848,78.92003900749494,81.49331822581404,3
nlp-waseda/roberta-large-japanese,jsnli+nu-snli,64.0,3e-05,0.0,341.3333333333333,83.85988296693859,82.69828449022496,81.77956036051246,78.36498461264465,80.94760982112736,3
nlp-waseda/roberta-large-japanese,jsnli+nu-snli,64.0,5e-05,0.0,341.3333333333333,83.78948782163036,82.52787771564174,82.1806450437486,79.05323982594673,81.25392086177902,3
nlp-waseda/roberta-large-japanese,jsnli+nu-snli,128.0,1e-05,0.0,384.0,83.30036425337092,82.29854593796347,81.58005946683072,78.07651298686879,80.65170613055432,3
nlp-waseda/roberta-large-japanese,jsnli+nu-snli,128.0,3e-05,0.0,256.0,84.43279464933964,83.07988319370453,81.8960902415826,78.58966864451585,81.18854735993433,3
nlp-waseda/roberta-large-japanese,jsnli+nu-snli,128.0,5e-05,0.0,170.66666666666666,84.11197170717087,82.83321419660821,81.88144077754698,78.46640868387114,81.06035455267545,3
nlp-waseda/roberta-large-japanese,jsnli+nu-snli,256.0,1e-05,0.0,277.3333333333333,84.37116555661704,83.03880940594763,81.70957555726478,78.51475012315677,81.08771169545639,3
nlp-waseda/roberta-large-japanese,jsnli+nu-snli,256.0,3e-05,0.0,149.33333333333334,84.33519191416097,83.0465774929434,82.37693577691782,78.73173049608484,81.38508125531534,3
nlp-waseda/roberta-large-japanese,jsnli+nu-snli,256.0,5e-05,0.0,149.33333333333334,84.37670415502694,82.98161189693884,81.97610056214116,78.54579441050113,81.16783562319371,3
nlp-waseda/roberta-large-japanese,jsnli+nu-snli,512.0,1e-05,0.0,192.0,84.48100371047296,83.10167982291414,81.44131577674743,78.17941621480234,80.9074706048213,3
nlp-waseda/roberta-large-japanese,jsnli+nu-snli,512.0,3e-05,0.0,106.66666666666667,84.39357711042943,83.00705638248517,82.06166404021847,78.6648293834906,81.24451660206476,3
nlp-waseda/roberta-large-japanese,jsnli+nu-snli,512.0,5e-05,0.0,96.0,83.751459382721,82.56070938497851,81.57879442712654,78.37305587563095,80.83751989591201,3
studio-ousia/luke-japanese-base-lite,jsnli+nu-snli,64.0,1e-05,0.0,896.0,82.42282810344149,81.3372891482607,79.04484604641054,75.70850979315658,78.69688166260927,6
studio-ousia/luke-japanese-base-lite,jsnli+nu-snli,64.0,3e-05,0.0,512.0,82.38124708793652,81.23765172883112,78.81821320907133,75.3893701424381,78.48174502678019,6
studio-ousia/luke-japanese-base-lite,jsnli+nu-snli,64.0,5e-05,0.0,469.3333333333333,82.05415677656003,80.91438963975155,78.9645585536307,75.76633076851043,78.5484263206309,6
studio-ousia/luke-japanese-base-lite,jsnli+nu-snli,128.0,1e-05,0.0,640.0,82.6757459679028,81.51497847220772,78.79746255357678,75.50060968095254,78.604350235579,6
studio-ousia/luke-japanese-base-lite,jsnli+nu-snli,128.0,3e-05,0.0,362.6666666666667,82.22510965443027,81.0641905651518,78.9467765112632,75.61420735724722,78.54172481122073,6
studio-ousia/luke-japanese-base-lite,jsnli+nu-snli,128.0,5e-05,0.0,256.0,82.070468076214,80.84694313527517,78.67252295342821,75.23556376071112,78.2516766164715,6
studio-ousia/luke-japanese-base-lite,jsnli+nu-snli,256.0,1e-05,0.0,394.6666666666667,82.70469506096103,81.55472191886564,78.91204176280542,75.39782538421196,78.62152968862767,6
studio-ousia/luke-japanese-base-lite,jsnli+nu-snli,256.0,3e-05,0.0,234.66666666666666,82.48668241953877,81.31798162111552,78.58868512538929,75.11025443355065,78.33897372668515,6
studio-ousia/luke-japanese-base-lite,jsnli+nu-snli,256.0,5e-05,0.0,192.0,82.46591256948476,81.32602237666435,78.50316164253044,75.14232280875247,78.32383560931576,6
studio-ousia/luke-japanese-base-lite,jsnli+nu-snli,512.0,1e-05,0.0,298.6666666666667,82.68031613850225,81.54103322921391,78.56332941958875,75.23478610234179,78.44638291704815,6
studio-ousia/luke-japanese-base-lite,jsnli+nu-snli,512.0,3e-05,0.0,154.66666666666666,82.70503149537159,81.56553978887443,78.57258931641536,75.1306869799888,78.42293869509285,6
studio-ousia/luke-japanese-base-lite,jsnli+nu-snli,512.0,5e-05,0.0,122.66666666666667,82.44562125247673,81.28853952596191,78.38725057609169,74.90490070138084,78.19356360114482,6
studio-ousia/luke-japanese-large-lite,jsnli+nu-snli,64.0,1e-05,0.0,597.3333333333334,82.70717092962762,81.86186318652364,82.25123063152166,78.90787814498663,81.006990654344,3
studio-ousia/luke-japanese-large-lite,jsnli+nu-snli,64.0,3e-05,0.0,341.3333333333333,82.22627043828841,81.36466236386183,82.31373876280865,78.96575809675709,80.88138640780919,3
studio-ousia/luke-japanese-large-lite,jsnli+nu-snli,64.0,5e-05,0.0,256.0,82.91495395064915,82.01290902071578,82.2151521077876,78.52096900040107,80.91634337630148,3
studio-ousia/luke-japanese-large-lite,jsnli+nu-snli,128.0,1e-05,0.0,426.6666666666667,82.82218070756602,81.8772174104484,82.46998675301006,79.13479788069066,81.1606673480497,3
studio-ousia/luke-japanese-large-lite,jsnli+nu-snli,128.0,3e-05,0.0,256.0,83.00232295188863,82.13446170838039,82.76853699705165,79.32492336462239,81.4093073566848,3
studio-ousia/luke-japanese-large-lite,jsnli+nu-snli,128.0,5e-05,0.0,128.0,82.47050377373343,81.5778913446544,81.9581938265216,78.04509691954806,80.52706069690801,3
studio-ousia/luke-japanese-large-lite,jsnli+nu-snli,256.0,1e-05,0.0,298.6666666666667,83.15814701359784,82.2562894368941,82.6051663774128,79.3969532192181,81.41946967784166,3
studio-ousia/luke-japanese-large-lite,jsnli+nu-snli,256.0,3e-05,0.0,128.0,82.84344757897911,81.90296514923232,82.2549245553401,78.37168886604375,80.84319285687205,3
studio-ousia/luke-japanese-large-lite,jsnli+nu-snli,256.0,5e-05,0.0,128.0,83.14342252188801,82.18248725176589,82.42443047126359,79.09122924592067,81.23271565631673,3
studio-ousia/luke-japanese-large-lite,jsnli+nu-snli,512.0,1e-05,0.0,181.33333333333334,83.23048419634819,82.28466251655108,82.42256012150588,79.26132808890155,81.32285024231952,3
studio-ousia/luke-japanese-large-lite,jsnli+nu-snli,512.0,3e-05,0.0,128.0,83.23079570542143,82.24711905067942,82.51805543090812,79.4829258811023,81.41603345422993,3
studio-ousia/luke-japanese-large-lite,jsnli+nu-snli,512.0,5e-05,0.0,74.66666666666667,83.3540416869828,82.21636547312704,82.2123408420103,78.50824995912286,80.9789854247534,3
studio-ousia/mluke-base-lite,jsnli+nu-snli,64.0,1e-05,0.0,1024.0,83.21707811941508,81.81680264914229,77.80834973880455,75.05770201851072,78.22761813548586,3
studio-ousia/mluke-base-lite,jsnli+nu-snli,64.0,3e-05,0.0,512.0,82.85194770943389,81.20093144244835,77.15636531015808,74.11355448578779,77.49028374613141,3
studio-ousia/mluke-base-lite,jsnli+nu-snli,64.0,5e-05,0.0,512.0,83.25592857247021,81.78651887103997,78.0527305041585,75.1564888645651,78.33191274658786,3
studio-ousia/mluke-base-lite,jsnli+nu-snli,128.0,1e-05,0.0,640.0,83.35355881707166,81.82935627645973,77.75570223811916,75.00667331959797,78.19724394472561,3
studio-ousia/mluke-base-lite,jsnli+nu-snli,128.0,3e-05,0.0,384.0,83.09884583326694,81.6107091977567,78.08092583350255,75.24241213349096,78.31134905491673,3
studio-ousia/mluke-base-lite,jsnli+nu-snli,128.0,5e-05,0.0,256.0,82.81249324980578,81.14217829872359,77.30807651053864,74.23806147868105,77.56277209598109,3
studio-ousia/mluke-base-lite,jsnli+nu-snli,256.0,1e-05,0.0,448.0,83.73564676301531,82.25460894635445,77.92348678961437,75.06078095176711,78.41295889591198,3
studio-ousia/mluke-base-lite,jsnli+nu-snli,256.0,3e-05,0.0,256.0,83.40253584253823,81.9340714993295,78.192336730374,75.18073653442649,78.43571492137666,3
studio-ousia/mluke-base-lite,jsnli+nu-snli,256.0,5e-05,0.0,170.66666666666666,83.32775824160649,81.7461712917783,77.44480686885083,74.39753402225399,77.86283739429437,3
studio-ousia/mluke-base-lite,jsnli+nu-snli,512.0,1e-05,0.0,320.0,83.55221823442368,82.11134432439825,77.98500459420366,75.08992145277254,78.39542345712482,3
studio-ousia/mluke-base-lite,jsnli+nu-snli,512.0,3e-05,0.0,149.33333333333334,83.22784151823369,81.63788367665765,77.73685786289397,74.5635099783338,77.97941717262847,3
studio-ousia/mluke-base-lite,jsnli+nu-snli,512.0,5e-05,0.0,128.0,83.55299721733837,82.0222287369519,78.13777262574884,74.92301336060147,78.36100490776742,3
studio-ousia/mluke-large-lite,jsnli+nu-snli,64.0,1e-05,0.0,1024.0,83.66422281048439,82.11217072442862,79.59418058063163,76.96245216343692,79.5562678228324,3
studio-ousia/mluke-large-lite,jsnli+nu-snli,64.0,3e-05,0.0,597.3333333333334,83.05723960105352,81.4249208586576,79.50188522754753,77.1152579745539,79.34735468691969,3
studio-ousia/mluke-large-lite,jsnli+nu-snli,64.0,5e-05,0.0,512.0,83.79474364716826,82.11418969940857,79.86966475176035,77.29532378477722,79.75972607864871,3
studio-ousia/mluke-large-lite,jsnli+nu-snli,128.0,1e-05,0.0,768.0,83.94114736982995,82.59388675851504,80.34503091045922,77.61539351279681,80.1847703939237,3
studio-ousia/mluke-large-lite,jsnli+nu-snli,128.0,3e-05,0.0,384.0,83.48261203151613,81.94220036193366,79.20366087582606,76.72288093831537,79.28958072535836,3
studio-ousia/mluke-large-lite,jsnli+nu-snli,128.0,5e-05,0.0,298.6666666666667,83.31859367763401,81.77049348756597,79.66932898124956,76.9957103670297,79.47851094528174,3
studio-ousia/mluke-large-lite,jsnli+nu-snli,256.0,1e-05,0.0,448.0,83.94407591295635,82.42972627063331,80.07044647873711,77.25709963283761,79.91909079406935,3
studio-ousia/mluke-large-lite,jsnli+nu-snli,256.0,3e-05,0.0,277.3333333333333,83.96697705092973,82.3608787290999,80.14642592238793,77.36573096150225,79.95767853766336,3
studio-ousia/mluke-large-lite,jsnli+nu-snli,256.0,5e-05,0.0,192.0,83.45191673474062,81.90874711797998,79.75524435582996,76.65272208202491,79.43890451861162,3
studio-ousia/mluke-large-lite,jsnli+nu-snli,512.0,1e-05,0.0,330.6666666666667,84.04567786747187,82.59997624555417,80.24671763481838,77.39819532694543,80.08162973577267,3
studio-ousia/mluke-large-lite,jsnli+nu-snli,512.0,3e-05,0.0,181.33333333333334,84.00194882190621,82.46030448800963,79.80938531491718,77.1469071738764,79.80553232560106,3
studio-ousia/mluke-large-lite,jsnli+nu-snli,512.0,5e-05,0.0,149.33333333333334,83.76106580109435,82.31478534350053,79.85805203422784,77.20247985854644,79.79177241209159,3
xlm-roberta-base,jsnli+nu-snli,64.0,1e-05,0.0,2389.3333333333335,78.7963879100666,77.1485707914735,74.33060663946662,71.58980735024343,74.3563282603945,3
xlm-roberta-base,jsnli+nu-snli,64.0,3e-05,0.0,3242.6666666666665,76.85413005464103,75.95890851557503,76.35114625623616,73.7659059186007,75.35865356347063,3
xlm-roberta-base,jsnli+nu-snli,64.0,5e-05,0.0,1877.3333333333333,78.11043322193018,77.29818237371406,74.13679679829255,72.28224146318526,74.57240687839729,3
xlm-roberta-base,jsnli+nu-snli,128.0,1e-05,0.0,1493.3333333333333,79.9116484035111,78.01127730417481,74.73625728278688,71.44792933173572,74.73182130623248,3
xlm-roberta-base,jsnli+nu-snli,128.0,3e-05,0.0,1194.6666666666667,77.17782771656626,76.17182190557027,69.3320037362784,67.10373891490575,70.8691881855848,3
xlm-roberta-base,jsnli+nu-snli,128.0,5e-05,0.0,682.6666666666666,73.71668878245954,72.67848958754881,67.20051323597865,65.7357838208187,68.53826221478205,3
xlm-roberta-base,jsnli+nu-snli,256.0,1e-05,0.6666666666666666,1386.6666666666667,79.60827143807613,77.94084893442358,75.58094787655385,72.82791128123115,75.44990269740286,3
xlm-roberta-base,jsnli+nu-snli,256.0,3e-05,0.0,661.3333333333334,78.58108957737971,77.03439315574546,74.24184818314114,71.36965229195862,74.21529787694841,3
xlm-roberta-base,jsnli+nu-snli,256.0,5e-05,0.3333333333333333,682.6666666666666,75.65184497649462,74.38736244324626,68.03127343842466,64.91101430960425,69.10988339709174,3
xlm-roberta-base,jsnli+nu-snli,512.0,1e-05,1.3333333333333333,1130.6666666666667,80.33592062458199,78.77215378320922,76.1738620469031,73.4630315842046,76.13634913810563,3
xlm-roberta-base,jsnli+nu-snli,512.0,3e-05,0.6666666666666666,693.3333333333334,80.46646015087175,78.69775481869976,74.85349568970774,72.4071364219361,75.31946231011455,3
xlm-roberta-base,jsnli+nu-snli,512.0,5e-05,0.3333333333333333,512.0,79.82236768045361,78.03075454344072,74.19007350468878,71.42649520137583,74.54910774983512,3
xlm-roberta-large,jsnli+nu-snli,64.0,1e-05,0.0,1450.6666666666667,82.33502272673844,80.82009165506952,78.54333677882605,75.65898044149067,78.34080295846208,3
xlm-roberta-large,jsnli+nu-snli,64.0,3e-05,0.0,1109.3333333333333,78.68371382813014,77.57712030004946,78.33276482393109,75.83678548603415,77.24889020333823,3
xlm-roberta-large,jsnli+nu-snli,64.0,5e-05,0.0,1621.3333333333333,81.29811718642861,79.78840835177755,77.77488772188066,76.03568229829422,77.86632612398414,3
xlm-roberta-large,jsnli+nu-snli,128.0,1e-05,0.0,853.3333333333334,82.92091584960505,81.4392358078698,78.96284257260555,75.87068948325697,78.75758928791078,3
xlm-roberta-large,jsnli+nu-snli,128.0,3e-05,0.0,341.3333333333333,66.56504057109122,65.50024960538725,57.974828246007945,55.70688272188726,59.72732019109415,3
xlm-roberta-large,jsnli+nu-snli,128.0,5e-05,0.0,469.3333333333333,81.44912384420051,79.97062460799812,77.7934158077373,74.40125203081317,77.3884308155162,3
xlm-roberta-large,jsnli+nu-snli,256.0,1e-05,0.0,810.6666666666666,83.64144799800629,82.23950755324523,79.35617544081869,76.20631468789679,79.26733256065359,3
xlm-roberta-large,jsnli+nu-snli,256.0,3e-05,0.0,341.3333333333333,76.60068777705634,75.86698142901776,72.2016320502647,69.59576895618092,72.55479414515446,3
xlm-roberta-large,jsnli+nu-snli,256.0,5e-05,0.3333333333333333,533.3333333333334,75.59878319210928,74.09268501108507,69.42340986334227,67.27018008695485,70.26209165379407,3
xlm-roberta-large,jsnli+nu-snli,512.0,1e-05,0.3333333333333333,490.6666666666667,83.57567556500872,81.98296127092733,79.42992537466226,76.26594811023388,79.22627825194117,3
xlm-roberta-large,jsnli+nu-snli,512.0,3e-05,0.0,288.0,82.45921460646882,80.85829089303792,78.8196258322639,75.2476850399197,78.3085339217405,3
xlm-roberta-large,jsnli+nu-snli,512.0,5e-05,1.0,832.0,76.49341501925423,75.23678242981595,71.34486168090656,67.71205330385749,71.43123247152667,3
